rsrp_noise_db_moving,shadow_sd_out,shadow_dcorr_out,loss,walk_repeat,walk_sd_diff,walk_sd_res,walk_slope_p1,walk_slope_p5,ride_repeat,ride_sd_diff,ride_sd_res,ride_slope_p1,ride_slope_p5
3.5,3.0,20.0,19.072193789011912,0.5796182366495173,2.3025666040652744,2.675904801801655,-1.090060606060606,-0.7757575757575758,0.5560596013191131,2.9504640791010384,3.622588503018702,-1.5253939393939395,-1.0303030303030303
3.5,3.0,35.0,20.05145955365717,0.5822562837896453,2.204897460788371,2.490258331968342,-1.018181818181818,-0.6927272727272725,0.5567907731418232,2.75889093019076,3.446231158309627,-1.476909090909091,-0.9818181818181818
2.8,3.0,10.0,20.229379300500412,0.5863279297045343,2.145199989403436,2.7263029963452774,-1.1636363636363636,-0.8181818181818182,0.5508647032574208,2.9659522430010297,3.515379203784222,-1.4545454545454546,-0.9818181818181818
2.8,4.0,35.0,20.264031361884918,0.5863140405930333,1.9628761253763742,2.4329877694254525,-1.0484848484848486,-0.7272727272727273,0.5572347895407144,2.818133545630886,3.794453214819782,-1.6484848484848484,-1.1454545454545455
3.5,4.0,35.0,21.52354808423083,0.5791727495040102,2.314524534530501,2.7116440360868186,-1.1151515151515152,-0.8181818181818182,0.5534360123208747,3.062542503830868,3.975431568982713,-1.690909090909091,-1.1636363636363636
2.8,3.0,20.0,22.256072804724774,0.5951348370758398,1.9547206050658497,2.398167538121891,-1.018181818181818,-0.7090909090909091,0.5599921277353671,2.7058274211196034,3.437364370365893,-1.4606060606060607,-1.0
4.2,3.0,35.0,23.63438633809818,0.5718684719939476,2.57861113363986,2.8119073744129954,-1.1151515151515152,-0.7757575757575758,0.5513872858175844,3.061014222691697,3.6889110665598985,-1.5515151515151515,-1.0363636363636364
2.8,4.0,20.0,24.068270766837628,0.5849857862728752,2.1266764066424098,2.7719005792265734,-1.2121212121212122,-0.8363636363636363,0.5520856422935163,3.1422424754502614,4.080501148180745,-1.7375151515151517,-1.2121212121212122
3.5,3.0,10.0,25.71794205673832,0.577068179164081,2.466528008428481,2.9694972092210343,-1.252969696969697,-0.8727272727272727,0.5479859228435447,3.1954699827576,3.714019065096269,-1.5193333333333334,-1.018181818181818
4.2,3.0,20.0,30.431855129299983,0.5687000913971426,2.651610069933083,2.987193102653732,-1.1757575757575758,-0.8484848484848485,0.5481030757353096,3.2407151197601074,3.847846359708868,-1.593939393939394,-1.0787878787878789
2.8,3.0,35.0,31.112317334140975,0.5925566005898644,1.8492319619068647,2.178916534808858,-0.9272727272727272,-0.6303030303030303,0.5654225624427124,2.4987284108399814,3.249628527414235,-1.406060606060606,-0.9603030303030305
2.8,5.0,35.0,33.11713018213251,0.583866153724971,2.1012717415948785,2.7285644098137207,-1.2121212121212122,-0.8727272727272727,0.5508711390122736,3.1854357276325955,4.411695036176523,-1.939090909090909,-1.3515151515151516
3.5,4.0,20.0,35.39152142766125,0.5765881697866978,2.4539498621243876,3.0173764921799373,-1.2832727272727273,-0.9090909090909091,0.5483109223536605,3.3619226177979105,4.2458599829796455,-1.7818181818181817,-1.2484848484848485
4.2,4.0,35.0,35.97614183357174,0.5711661276716412,2.6590961604646424,3.010414260630752,-1.2295151515151514,-0.8727272727272727,0.5479050278787816,3.3285704112506074,4.180897107216095,-1.7636363636363637,-1.2121212121212122
4.2,3.0,10.0,44.499714980202654,0.568678918118402,2.8002454292488714,3.2513400910572043,-1.309090909090909,-0.9293939393939392,0.545695658731167,3.453405052665732,3.938215440800969,-1.593939393939394,-1.0666666666666667
3.5,5.0,35.0,44.637453852916494,0.5779150462932464,2.4275774503238345,2.9758584099537306,-1.2727272727272727,-0.9090909090909091,0.5494877297776013,3.3970484939543697,4.550675333921851,-1.9636363636363636,-1.3636363636363635
2.8,4.0,10.0,44.642921694176444,0.5785050920760993,2.4222785667965763,3.2582263147988404,-1.406060606060606,-1.006060606060606,0.5473156060933464,3.5394052311621627,4.2102717682223405,-1.7454545454545454,-1.187878787878788
4.2,4.0,20.0,59.543091666480976,0.570361240318681,2.7811154155735704,3.2800374733758,-1.3567878787878789,-0.9636363636363636,0.5466055432407074,3.6109347560647054,4.449145173652118,-1.8363636363636364,-1.2787878787878788
2.8,5.0,20.0,65.26649513833608,0.5838140123492501,2.326805879162831,3.1903797622404957,-1.406060606060606,-1.01,0.5462744686868504,3.6277839812934984,4.767716286526377,-2.036363636363636,-1.4312121212121205
3.5,4.0,10.0,66.15139081321283,0.5724856880566475,2.724124292670493,3.4758169312499145,-1.490909090909091,-1.0545454545454545,0.542280994808259,3.7233337049452393,4.364646723422685,-1.7878787878787878,-1.2121212121212122
4.2,5.0,35.0,71.11969186623014,0.5724022896542718,2.7633724318763075,3.2630500914639025,-1.3454545454545455,-0.9696969696969697,0.545266737509562,3.6451995574199247,4.739429822970485,-2.018181818181818,-1.406060606060606
3.5,5.0,20.0,88.34951440773587,0.5738223967263214,2.624536175933253,3.3988496642221966,-1.4787878787878788,-1.0463636363636364,0.5424571021829946,3.8172960413217156,4.909884153148699,-2.0727272727272728,-1.4545454545454546
4.2,4.0,10.0,101.14656900191041,0.5653982375430047,3.0330309802021667,3.7160488869422044,-1.5507878787878788,-1.0909090909090908,0.5409679860708044,3.9569937101389736,4.562749487721933,-1.8424242424242425,-1.2606060606060605
4.2,5.0,20.0,125.43316638498425,0.5680657204494173,2.9421898407511216,3.643878265391777,-1.5636363636363637,-1.0909090909090908,0.5403006386167077,4.036992705406552,5.095701315450905,-2.109090909090909,-1.496969696969697
2.8,5.0,10.0,128.42863192665206,0.5710513092488793,2.7478868545174953,3.845532621144347,-1.696969696969697,-1.2121212121212122,0.5396513747938488,4.145886122394575,4.942160517819523,-2.036363636363636,-1.406060606060606
3.5,5.0,10.0,163.01982681245548,0.5650451992713612,3.0111556920364153,4.0155178637386895,-1.7454545454545454,-1.2424242424242424,0.5383667100201761,4.31705230511266,5.075915943773463,-2.084848484848485,-1.4363636363636363
4.2,5.0,10.0,210.46187751700336,0.5647285832013459,3.290503346329,4.217195843626476,-1.8181818181818181,-1.290909090909091,0.5357782495880641,4.510362237915866,5.244425621653343,-2.1333333333333333,-1.467878787878788
