kind,loss,entry_to_loss,steepest_slope,mean_decay_db_s
basement_ride,True,14.100262919811868,-4.418181818181824,2.361475485729699
basement_walk,False,,-2.1333333333333337,
deep_indoor,True,27.7623046255179,-2.799999999999994,1.2240915508544772
basement_walk,True,22.805338634665063,-2.9757575757575716,1.2036414861254687
basement_walk,True,13.312734069956662,-3.2142857142857055,2.149948975299869
basement_walk,True,33.20549462671457,-2.278787878787875,1.0105796317729592
basement_ride,True,31.685861815914677,-3.0727272727272776,1.0563003406252276
basement_walk,True,19.469681159495423,-3.078787878787886,1.6168902316318672
deep_indoor,True,23.368756213640374,-2.509090909090912,1.4158614125442341
basement_ride,True,11.114065592840305,-3.824242424242435,3.145727919892727
basement_ride,True,26.921784237662763,-2.5818181818181776,1.3361901857331389
basement_ride,True,12.167962213225728,-4.071428571428568,2.481376446682675
basement_walk,True,25.67557591500635,-3.2060606060605954,1.4139946230382245
basement_walk,True,27.58118602476077,-2.5818181818181767,1.3738250539711927
deep_indoor,True,17.047845084132682,-2.47272727272727,2.0097748016404307
basement_ride,False,,-2.345454545454547,
deep_indoor,True,57.37214218408608,-2.6727272727272777,0.8005091168108446
deep_indoor,True,15.614033983272364,-1.9454545454545409,1.6078239197240989
basement_ride,True,19.30618898545285,-2.5212121212121112,2.0720441855203764
basement_ride,True,21.8984243566252,-3.2424242424242458,1.6537110368485484
basement_ride,True,13.633007514005193,-3.7818181818181773,3.012669834270083
deep_indoor,True,21.082059395836048,-2.472727272727283,1.1877628823883828
basement_walk,True,31.27530521874185,-2.5212121212121215,1.439633652936072
basement_walk,True,24.817483400262773,-2.7151515151515255,1.3468356931066214
basement_walk,True,20.72404207784399,-4.569696969696971,2.2623139528114926
basement_ride,True,26.563599561330015,-1.7818181818181802,1.3524105433454594
deep_indoor,True,29.68058799617286,-2.036363636363636,1.4862821036252727
basement_ride,True,16.134354995459013,-2.666666666666655,1.7477748473720818
basement_ride,True,5.774489866005034,-2.535714285714274,2.862656915942846
basement_walk,True,8.758021420830154,-4.714285714285714,2.8718406054286314
deep_indoor,True,45.6059532513766,-2.7636363636363614,0.8311299112933953
basement_ride,True,23.184826449726835,-2.9454545454545427,1.0480352332752276
deep_indoor,True,27.930654462571198,-2.163636363636359,1.454902672318938
basement_walk,True,25.095220399377567,-3.824242424242427,1.4041889536689254
basement_ride,True,13.11422590197833,-3.266666666666672,2.2506523923671384
deep_indoor,True,58.81813874705478,-2.7393939393939366,0.6008511048685224
basement_walk,True,33.87962731524199,-2.5000000000000013,0.8969849047978685
basement_walk,True,13.570186621298141,-2.1428571428571406,1.5824627915953566
deep_indoor,True,16.390818867431648,-3.1575757575757515,1.9711899969081461
basement_ride,True,16.17127529092788,-3.600000000000003,2.3965559225036
basement_walk,True,21.066798247993212,-2.909090909090898,1.0330454991018454
basement_ride,False,,-2.7151515151515095,
basement_ride,True,23.6375258075513,-1.8000000000000036,1.36544477385537
basement_ride,True,11.985301844581883,-3.8363636363636373,3.2031466644867024
basement_ride,True,23.496579494649822,-3.1030303030303017,1.707321026518255
basement_ride,True,19.429667876882256,-2.569696969696974,1.3876710125023815
deep_indoor,True,24.733922247398425,-1.9818181818181886,0.9477274516522395
basement_ride,True,6.601221907046892,-3.4999999999999947,4.719951461935808
basement_ride,True,27.149308161832103,-3.0787878787878817,1.544938256992343
basement_ride,False,,-3.024242424242419,
deep_indoor,True,22.867905067387852,-2.1151515151515174,1.2172805512015215
basement_ride,True,15.157500029800609,-3.9454545454545484,2.086581151612457
deep_indoor,False,,-2.3090909090909153,
basement_ride,False,,-4.254545454545453,
deep_indoor,False,,-2.3151515151515167,
basement_walk,True,8.799711267858257,-4.17857142857143,3.846358235998339
deep_indoor,True,26.72948760795188,-3.393939393939383,1.1668477708618938
basement_walk,True,9.225042788877843,-2.892857142857149,3.2208676272788472
basement_ride,True,16.866106827699802,-3.151515151515154,2.257728711150639
deep_indoor,False,,-1.3757575757575744,
basement_walk,True,9.464615714433542,-2.857142857142862,2.8109258825313783
deep_indoor,True,60.51444030749926,-2.830303030303022,0.5545518907867971
basement_ride,True,9.450636323298937,-4.178571428571424,3.2178671306985627
basement_ride,True,5.4097428291051415,-3.821428571428547,4.635373799724929
basement_walk,True,17.726065618757836,-2.8121212121212062,1.7166150630375174
basement_ride,True,6.256414443402022,-1.9642857142857144,4.249201698825805
basement_ride,False,,-1.6484848484848562,
deep_indoor,True,13.213950915569455,-2.4727272727272678,2.194496362391044
basement_ride,True,19.19672853246115,-3.1636363636363622,1.4667745099114797
basement_ride,True,19.633799226876533,-3.466666666666681,1.5134941274847913
deep_indoor,True,23.514519025098977,-2.9636363636363496,1.2486109799926264
basement_ride,False,,-3.684848484848474,
basement_ride,True,7.656541660129292,-2.785714285714272,3.2464065701849703
basement_ride,True,25.051823221541895,-3.345454545454524,1.4583269522428688
basement_ride,True,9.373983024885312,-2.285714285714281,2.3188725565167636
basement_walk,True,12.293638770352338,-3.9642857142857153,2.2499826720828997
basement_walk,True,16.278486942652805,-2.9880952380952315,2.1714815295646432
deep_indoor,False,,-2.1515151515151523,
basement_walk,True,9.884137346784456,-3.0476190476190395,2.313587625960231
deep_indoor,True,35.68267814793288,-3.1515151515151523,1.2395491378952603
deep_indoor,True,49.2981202842349,-2.4727272727272687,0.5723057780538303
basement_ride,True,33.35770888506204,-3.4424242424242357,1.328906486685044
basement_ride,True,20.40813244900457,-2.206060606060599,1.278987414793463
basement_ride,True,12.67610020562364,-1.3928571428571288,1.6563762471021424
deep_indoor,False,,-3.0787878787878844,
basement_ride,True,16.463847547202647,-3.2303030303030424,1.7497403057916827
basement_walk,True,14.846418447371477,-3.0121212121212073,2.0945598189065393
basement_ride,True,24.70827609850376,-2.230303030303028,1.4242660877530773
deep_indoor,True,26.39990816727778,-1.9090909090909052,1.2172184788487117
deep_indoor,True,30.575779880510268,-2.5636363636363706,0.9285291417389127
basement_ride,True,21.089528367831015,-2.6545454545454543,1.5986933349199126
basement_ride,True,9.067797288032835,-5.357142857142856,4.402066644525141
basement_ride,True,28.32998718398632,-3.1757575757575696,1.4140047010985284
basement_ride,True,9.791252824969959,-5.178571428571423,3.3763339328690574
basement_ride,True,18.20189170130987,-2.9272727272727255,1.6276229537006828
basement_ride,True,27.521558886895725,-3.242424242424226,1.378735650539438
deep_indoor,True,2.5918514344766947,-1.4642857142857146,4.736955817491911
basement_walk,False,,-2.224242424242433,
basement_ride,True,23.245053120213925,-3.539393939393928,1.4115476646761393
basement_walk,False,,-2.6363636363636367,
deep_indoor,True,5.286669973349831,-2.142857142857139,4.2840605719609135
basement_ride,True,30.465513427726457,-2.3272727272727245,1.0989195599789545
basement_ride,True,22.946290002256973,-2.945454545454539,1.557669848932282
basement_ride,True,5.071673489397597,-2.2142857142856918,3.5859680981157465
basement_ride,True,13.14971180245935,-2.600000000000002,2.475120274662688
basement_ride,False,,-2.230303030303035,
basement_walk,True,21.375875663063326,-5.381818181818177,1.96808876245848
basement_ride,False,,-2.812121212121212,
deep_indoor,True,24.04486381818532,-2.6181818181818173,0.958439747040215
deep_indoor,True,19.866699738451523,-3.0363636363636304,1.834553198294934
basement_walk,True,42.34394123595063,-2.1636363636363556,1.0157641446873216
basement_walk,True,23.092267415391554,-1.7999999999999958,1.220399866650266
deep_indoor,True,18.750872271932344,-2.8424242424242356,1.539538116858265
deep_indoor,True,24.49587082249259,-2.1090909090909045,1.0099916321920868
deep_indoor,False,,-2.0969696969696896,
basement_walk,True,29.201225673734953,-1.5454545454545483,0.8986635699422947
basement_walk,True,43.591479596729194,-2.490909090909091,0.9086410436530987
basement_ride,False,,-2.4969696969696997,
basement_walk,False,,-2.169696969696972,
basement_ride,False,,-4.290909090909076,
basement_ride,True,35.151103335994954,-2.8121212121212134,1.350432130068109
basement_walk,True,12.950864971513198,-4.4285714285713995,2.3776791914002233
deep_indoor,False,,-1.890909090909091,
basement_ride,True,22.784910140887447,-2.1333333333333306,1.4753664199455951
deep_indoor,True,31.710562646567965,-1.987878787878783,1.270478723453318
basement_walk,True,30.512875112751814,-2.5878787878787968,1.1172102167758808
basement_ride,True,3.3013442186405655,-0.4499999999999976,8.702660244471206
basement_walk,True,26.52260109010229,-3.18787878787878,1.5357331125607712
deep_indoor,False,,-2.69090909090909,
basement_walk,True,25.25823363292696,-2.660606060606062,1.2107460905117664
basement_walk,True,11.785931508522317,-3.75,1.9495709179471894
deep_indoor,True,24.48594544944649,-2.6666666666666683,1.3377365339951823
basement_ride,True,26.277173080426614,-2.9393939393939332,1.6937396910314173
basement_ride,True,11.513973740190366,-2.3636363636363664,1.7771587867213197
basement_ride,True,24.345576862519515,-3.6909090909090922,1.6290106634433932
basement_walk,True,22.11379570177074,-2.3757575757575733,1.0359013045149417
deep_indoor,False,,-2.1818181818181928,
deep_indoor,True,38.905383629385234,-2.587878787878791,0.7354132771628152
deep_indoor,True,52.15347433675488,-3.199999999999998,0.8701575831523357
deep_indoor,True,35.81871366370327,-2.224242424242421,0.8694612492730406
basement_ride,True,32.983064448457085,-3.6060606060606024,1.0202879936753282
basement_ride,True,10.975943937284214,-3.8928571428571486,2.964006220659785
basement_ride,True,8.50651476489162,-2.3214285714285547,2.898359432718182
basement_ride,True,32.71637789970576,-2.8606060606060617,1.0113171523939795
basement_ride,True,16.966731302398216,-1.2181818181818211,0.7190116848475558
basement_walk,True,14.052788911857292,-4.8606060606060595,2.509142310207536
basement_ride,True,27.934224729965187,-2.363636363636358,1.3212370332462786
deep_indoor,False,,-2.181818181818173,
basement_walk,False,,-3.2545454545454526,
basement_walk,True,39.605056497368466,-2.666666666666658,0.9328414032461261
basement_walk,True,10.90159916679874,-4.566666666666657,3.270273229242305
basement_ride,True,22.194449445024638,-2.0060606060606063,1.2622116447094203
deep_indoor,True,32.218708891173236,-4.218181818181806,1.2236320682328279
basement_ride,True,13.540186695050792,-2.7818181818181693,2.366257865658449
deep_indoor,True,41.88788971964348,-3.0060606060606037,0.7813016615633243
basement_ride,True,16.1832749785831,-4.4424242424242255,1.961933979524813
basement_ride,True,8.238951481469712,-2.2142857142857104,3.0783043259711422
basement_ride,True,16.66836293596944,-4.751515151515165,2.4926294876712958
basement_ride,True,25.357042180318132,-3.272727272727286,1.1994155233931596
basement_ride,True,9.398084314906086,-4.880952380952396,3.7387613854080968
basement_ride,False,,-2.181818181818179,
basement_ride,False,,-3.6363636363636407,
basement_ride,True,6.93559836225397,-2.8928571428571335,4.419798228575814
deep_indoor,True,32.60097030830292,-2.8606060606060653,1.1166441839467562
deep_indoor,True,26.39379142683172,-2.1333333333333337,1.3247411740975084
basement_walk,True,14.626001124392765,-4.357142857142862,2.418179537057858
basement_ride,True,9.769695410994814,-3.642857142857127,2.154285338942485
deep_indoor,True,16.1036385720302,-1.8181818181818186,1.2301089920262787
basement_walk,True,15.196546574976452,-2.6428571428571317,2.048213996963754
basement_walk,True,6.190657619175283,-1.2499999999999964,1.5825008028084895
basement_ride,True,8.49313701880233,-3.64285714285714,3.4895644619795876
basement_walk,True,15.937758144689958,-1.9047619047619053,1.2404793586158793
basement_walk,True,13.056081387468623,-3.535714285714295,1.7034524081042464
basement_ride,False,,-3.503030303030294,
deep_indoor,True,16.117669473126014,-2.090909090909085,1.9153104608275324
basement_ride,True,8.804089410541664,-2.7857142857142856,3.3476043243169022
basement_walk,True,29.336863866700725,-3.012121212121203,1.2235639093847117
basement_ride,True,9.191847460556517,-5.571428571428585,3.4757787048279463
basement_ride,True,27.10697936429048,-3.103030303030303,1.4095482634143226
basement_ride,True,9.852856767059876,-4.285714285714272,3.3159076417330478
basement_ride,False,,-3.69090909090908,
basement_walk,True,8.56736602469114,-2.5000000000000044,2.148052935254576
deep_indoor,True,2.230885837732444,-0.42857142857143116,7.424843488152379
basement_ride,True,14.79740270316551,-2.6424242424242435,1.8059187286583822
basement_ride,True,27.30354204683097,-2.4545454545454537,1.12817463830952
basement_walk,False,,-2.4303030303030306,
basement_walk,True,40.06189199136506,-1.5515151515151508,0.8609654362944789
deep_indoor,False,,-3.13333333333333,
basement_walk,True,37.895902829177,-4.527272727272718,1.05013622352479
basement_ride,True,27.390339048170716,-2.96363636363636,1.2624570041225787
deep_indoor,True,6.982173220957016,-2.8928571428571344,2.5001991885180646
basement_walk,True,15.256505623776462,-1.7818181818181809,1.4152885917850586
basement_ride,False,,-4.072727272727261,
deep_indoor,False,,-1.6000000000000016,
basement_ride,True,33.79676958767381,-2.37575757575757,0.99028215333855
basement_ride,True,21.303410279096063,-1.9757575757575732,1.546871205985818
deep_indoor,False,,-2.2242424242424224,
basement_ride,True,25.248081652940307,-3.4909090909090956,1.4090179997933032
basement_ride,True,9.296455894191261,-3.3214285714285863,3.6244492698337667
basement_ride,True,14.748778696803221,-3.0727272727272608,2.098572678627948
deep_indoor,True,19.176593192511845,-2.5636363636363577,0.800528564803234
basement_walk,True,19.648131403109204,-2.8060606060606075,1.886526907095097
deep_indoor,False,,-1.5818181818181807,
deep_indoor,False,,-2.230303030303029,
deep_indoor,False,,-1.7515151515151468,
basement_ride,True,6.525853689983975,-3.3571428571428266,4.1187852458631085
deep_indoor,True,52.29707482765629,-1.6727272727272693,0.7224053689070928
basement_ride,True,7.117913823463169,-2.7499999999999956,3.3432234960190423
basement_ride,True,15.414634049354852,-3.8571428571428474,2.0441236541205106
basement_ride,True,7.919205379572524,-3.464285714285719,3.092397199880971
basement_ride,False,,-2.64242424242424,
basement_ride,True,10.490618896791972,-3.2833333333333243,3.2245791325978277
deep_indoor,False,,-2.1636363636363596,
basement_walk,True,24.227091067829193,-2.9454545454545435,1.1862139325937895
deep_indoor,False,,-2.5696969696969694,
basement_ride,True,29.127201812335997,-2.7999999999999976,1.2051084839085786
deep_indoor,True,29.587397011551985,-2.5636363636363564,0.7587392827185451
basement_ride,True,27.751621049917034,-2.739393939393931,1.1080715758573871
basement_ride,True,21.019812001932067,-5.006060606060592,2.227382567152006
deep_indoor,True,9.742018188021227,-2.933333333333336,2.756460389016247
basement_ride,True,26.085521297010473,-1.9393939393939363,1.514771496141648
basement_walk,True,20.867421756243417,-3.418181818181813,1.6916301778781555
deep_indoor,True,46.85539687650787,-2.4363636363636294,0.947644259009802
basement_ride,True,6.641838941909732,-3.5714285714285654,3.867060148163534
basement_walk,True,28.911750622532388,-1.5818181818181836,1.0826498134256979
basement_walk,True,29.527392832017327,-2.6909090909090803,1.18662897792275
basement_ride,True,22.087316449866485,-3.5393939393939267,2.2193150304924
basement_walk,True,18.294441428852892,-2.7757575757575714,1.39845655698506
basement_ride,True,21.036973355495007,-3.4424242424242277,1.556955115773395
basement_ride,True,26.24434807772677,-2.3454545454545457,1.3970464425578741
deep_indoor,True,36.11060111570589,-2.1454545454545437,0.8027473924979649
basement_walk,True,30.137647725251995,-2.7151515151515047,1.3070199006536942
basement_walk,True,28.15957033211957,-4.460606060606054,1.3585983638424115
deep_indoor,False,,-3.1454545454545375,
deep_indoor,True,29.017805487954845,-2.0969696969696945,0.9897428192471117
basement_walk,False,,-2.666666666666664,
basement_ride,False,,-2.9818181818181833,
basement_ride,True,13.936606392348345,-3.5714285714285716,2.4683444611763847
deep_indoor,False,,-2.2242424242424255,
deep_indoor,False,,-2.266666666666666,
basement_ride,True,36.56043322138316,-3.0545454545454587,0.9519840708236773
deep_indoor,True,42.16859506893276,-2.4642857142857038,1.0012287923840932
deep_indoor,False,,-2.375757575757573,
basement_ride,True,13.192441347659738,-2.5272727272727176,1.3434466380141172
basement_ride,True,20.4282839178787,-2.892857142857147,1.8738868333591452
basement_ride,True,23.290971957955918,-2.8363636363636324,1.6089361576544232
basement_ride,False,,-3.0545454545454547,
deep_indoor,True,36.258687503055505,-2.054545454545451,1.1059951032192128
deep_indoor,False,,-1.454545454545454,
deep_indoor,False,,-1.7454545454545474,
basement_walk,True,16.0941740464526,-4.7999999999999945,2.064814852880373
basement_ride,True,21.402607945732747,-2.957575757575755,2.0580901741739495
basement_walk,True,6.55705328852882,-1.21428571428572,2.0815313098204444
basement_ride,True,8.78991210876407,-4.988095238095253,4.880352428095583
basement_ride,True,26.559983859991632,-2.248484848484847,1.2072217911067162
basement_walk,True,23.36135637293099,-2.181818181818183,1.567266496826273
basement_ride,True,25.957844625617085,-2.672727272727273,1.2182563145530665
basement_ride,True,15.234402541384014,-3.6848484848484873,2.2562706733331312
basement_ride,True,3.644933692993149,-0.9833333333333361,4.444919555621911
basement_walk,True,9.551235342516797,-3.5357142857142776,2.8273983962721863
deep_indoor,True,32.51433759604569,-2.2848484848484825,0.9694875596003157
basement_ride,True,6.237827463460697,-2.464285714285718,2.7534019972815518
deep_indoor,True,38.20132469472228,-1.3636363636363613,0.6064298161364373
deep_indoor,True,25.495379955563262,-1.6484848484848469,1.0238629696489732
deep_indoor,True,32.40958749940432,-3.551515151515146,1.0329813255037268
basement_ride,True,21.531444512137355,-2.406060606060606,1.3879120899705426
basement_ride,True,21.1745573743528,-3.527272727272715,1.7693192927193766
basement_ride,True,11.16588925185733,-1.7999999999999952,2.4287179189067696
deep_indoor,True,18.278756184534096,-3.599999999999997,1.5755660059831544
basement_ride,True,29.292009528831798,-2.533333333333333,1.3494215055991534
basement_walk,True,15.454572728164905,-2.6969696969696906,1.6849729183724937
basement_ride,False,,-2.4242424242424145,
basement_walk,True,23.264895390659703,-2.860606060606063,1.6270397660280667
basement_ride,True,11.086803203330923,-1.79393939393939,2.4155016285800497
basement_walk,True,25.340875629444582,-3.2666666666666733,1.3277694126127377
basement_ride,True,11.906233701651118,-3.8666666666666627,2.489434303245487
deep_indoor,False,,-2.472727272727272,
basement_ride,True,13.056463211429701,-3.3818181818181667,1.9588257172264527
deep_indoor,False,,-2.7818181818181693,
deep_indoor,True,34.766375177517595,-3.927272727272709,0.8239724598446118
basement_ride,False,,-3.1272727272727323,
deep_indoor,True,29.033241432428255,-3.0727272727272616,1.435379890093567
deep_indoor,True,12.213000267279483,-2.145454545454542,1.5826061652666863
basement_ride,True,28.31630153533338,-2.448484848484841,1.222120676833988
basement_walk,True,24.7873637784882,-1.9454545454545418,1.0812114507114023
basement_walk,True,31.90095270846119,-2.2303030303030327,0.8286968606411614
basement_ride,False,,-2.8242424242424327,
basement_ride,False,,-3.7333333333333263,
basement_walk,False,,-3.0121212121212086,
basement_ride,True,16.378115968082355,-2.084848484848485,1.7741902110353656
deep_indoor,True,37.138342077157795,-2.1333333333333333,1.0677756585335314
basement_walk,False,,-3.4787878787878843,
basement_ride,True,5.623281695376932,-2.8214285714285943,3.939168702920843
deep_indoor,True,17.75357449261743,-3.1333333333333213,1.5201904114342626
basement_ride,True,10.677991474106399,-3.8333333333333264,2.3280961849586226
basement_ride,True,6.535206831985782,-3.607142857142841,4.635992226175607
basement_ride,True,4.931190377968932,-1.964285714285698,3.9962430196799636
deep_indoor,True,29.946986395753868,-2.7636363636363566,1.290877268878579
deep_indoor,True,27.538372460170322,-2.9090909090909047,0.9234773375093345
basement_ride,True,4.692589604145979,-2.1428571428571344,5.4307501968204654
basement_ride,True,19.88829137757427,-3.781818181818174,1.718964018693502
basement_ride,True,18.526239274231457,-2.0363636363636344,1.651191913918498
basement_ride,True,15.448863061996306,-4.464285714285709,2.5261572921009665
deep_indoor,True,10.97209680652476,-2.1428571428571437,2.404979341458912
basement_ride,True,14.831614112664923,-2.6785714285714217,1.9140942401661312
basement_ride,True,18.85054512937792,-2.9090909090909074,1.623660257991801
deep_indoor,False,,-2.163636363636364,
basement_ride,True,20.53675672479894,-2.9333333333333367,1.7071049333331434
deep_indoor,False,,-3.0363636363636366,
basement_walk,True,32.42646383710274,-1.8909090909090924,0.8392971367600931
basement_ride,True,19.599512810079027,-4.218181818181818,1.8676266896979095
basement_ride,True,22.12437581311815,-2.430303030303028,1.4894409898006837
basement_ride,True,3.6675774147547884,-2.4999999999999982,6.582807214984946
basement_ride,True,20.930108102415033,-3.3636363636363575,1.5799745739129063
deep_indoor,True,29.077397334975736,-2.2545454545454553,1.1746616624238688
basement_ride,True,5.0322445359864645,-2.142857142857122,6.483428196089756
basement_ride,True,11.794072261635606,-3.5999999999999943,2.6428099975481527
basement_ride,True,13.309692788341252,-2.763636363636363,2.061721264978672
basement_ride,True,24.089069472831056,-3.636363636363638,1.9044231719266882
basement_walk,True,37.53998183229565,-3.8787878787878687,1.0519963493813913
basement_walk,True,35.486705790607914,-2.3272727272727245,1.0405360842247973
basement_ride,True,13.101555918152606,-3.392857142857133,1.699355746652933
basement_ride,True,44.75784212854214,-2.8121212121212116,1.0625510775769458
basement_walk,True,18.31532334304316,-3.3939393939393914,1.6824669215615453
basement_ride,True,6.236049808165731,-2.6428571428571472,5.093960946657483
basement_ride,False,,-3.721212121212125,
basement_ride,True,8.57146293555062,-1.5238095238095248,2.7174396732442347
basement_ride,True,9.195249019921917,-2.4833333333333276,3.0983739063927445
basement_ride,True,20.44907646400354,-1.6904761904761818,1.136336719767426
basement_ride,True,18.78417122859728,-3.1071428571428377,1.7349422875322347
deep_indoor,True,30.525956792252913,-2.5696969696969725,0.8405594256219456
basement_walk,True,15.409121202157976,-2.145454545454535,1.1936654770165096
deep_indoor,True,28.82724365052239,-1.8060606060606001,0.9871242011594226
deep_indoor,True,8.123648869265303,-2.0363636363636357,2.0924825254061243
basement_ride,False,,-3.248484848484854,
basement_ride,True,15.345865313418557,-4.266666666666677,2.5178227688732675
basement_ride,True,10.518891213962014,-3.0848484848484823,2.875666479566196
basement_ride,True,13.015834941957692,-2.951515151515159,2.3484596110683946
deep_indoor,False,,-3.0357142857142723,
basement_walk,True,18.468086893888213,-3.7696969696969655,1.7622185229391167
deep_indoor,True,51.17743383771551,-4.242424242424236,0.7987023358714145
basement_ride,False,,-1.5030303030303027,
basement_ride,True,6.053641410230583,-2.4642857142857277,5.018195277801442
deep_indoor,True,24.811748498290584,-2.4787878787878825,1.3502592406411162
basement_ride,True,16.244076198432005,-3.284848484848478,2.214575551540142
deep_indoor,True,21.813417558900674,-2.178571428571433,1.2182079416960496
basement_walk,True,16.79929112205292,-3.2727272727272765,1.9484578803811896
basement_walk,True,10.215576109248772,-2.0181818181818167,2.895167040009351
basement_ride,False,,-3.72727272727272,
basement_walk,True,26.857866642262955,-2.66666666666667,1.2965656294717582
basement_ride,True,19.37742125690501,-3.006060606060618,1.9525433937299477
basement_ride,True,33.31280727458609,-3.1030303030303,0.9799251807030218
deep_indoor,True,17.415533086223085,-1.4060606060606056,0.8335315487396079
deep_indoor,True,23.559120021944125,-1.6484848484848467,0.9000724669351884
deep_indoor,False,,-2.133333333333335,
basement_ride,True,8.423933743068659,-2.714285714285712,2.6559643934174306
deep_indoor,True,33.74505515964853,-2.5212121212121237,1.0117373138390258
basement_ride,False,,-3.9818181818181757,
basement_walk,True,12.157996100822437,-3.060606060606063,2.042314770746373
basement_ride,True,6.180934235227745,-4.428571428571429,4.40601724306406
basement_walk,True,40.39758861123249,-2.581818181818169,0.8746209595708734
deep_indoor,False,,-2.521212121212116,
basement_ride,True,36.29527072801669,-1.890909090909097,0.9865020225154265
basement_ride,True,10.371207373437507,-4.921212121212114,4.025439227667497
basement_ride,True,46.99279597677866,-2.2121212121212115,1.0218978884852143
deep_indoor,True,20.948433549227012,-2.7999999999999914,1.633385778780792
basement_walk,False,,-2.957575757575754,
deep_indoor,False,,-3.1030303030302986,
basement_ride,True,20.17548472570047,-3.0060606060606205,1.3391175033990563
basement_walk,True,52.94203769068528,-3.7393939393939455,0.7479834854937398
basement_ride,True,23.660857242172142,-4.000000000000011,1.4197461717260291
basement_walk,True,11.177899484555475,-3.1071428571428656,2.518802135235047
basement_walk,True,22.034910256361457,-3.0181818181818096,1.6410292618911941
deep_indoor,True,35.859479637672976,-2.842424242424253,1.1466878967377894
basement_walk,True,24.390207866478896,-1.793939393939389,1.1396283314397304
basement_walk,True,41.69052285068784,-2.7636363636363597,1.0157481550708505
basement_ride,True,7.589302952898301,-3.535714285714277,3.7250703055817347
basement_ride,True,13.58533845552725,-1.6785714285714326,1.4865846049881817
basement_ride,True,10.306239289107957,-2.2787878787878775,2.1482549528977084
basement_ride,True,37.453397388017706,-2.569696969696974,1.194969708165858
basement_walk,True,46.57672058464851,-3.599999999999987,0.8435191278001365
deep_indoor,True,36.81215180076097,-2.630303030303027,1.0920867423260017
basement_walk,True,23.418185227316457,-3.036363636363636,1.5279252459126602
deep_indoor,True,27.28401006309673,-2.484848484848486,1.1622399704260935
basement_walk,True,16.09258042865615,-3.630303030303025,2.213793909722716
basement_walk,True,17.25358959611995,-2.4545454545454573,1.1905250373046379
basement_walk,False,,-4.460606060606051,
deep_indoor,True,32.40600654242705,-3.399999999999993,1.1264651143055566
basement_ride,True,11.717910376223628,-3.2500000000000084,2.435208821758163
deep_indoor,False,,-2.084848484848485,
basement_ride,True,6.860044401987864,-3.535714285714313,3.8536877998968073
basement_ride,True,8.45533202899091,-3.535714285714294,2.4439805119791904
basement_ride,True,20.656050981086132,-3.21428571428572,2.2308568218157667
basement_ride,True,19.769881884803958,-2.442424242424251,1.8657416406037506
basement_ride,True,7.115043025862207,-0.964285714285712,2.6115171072186123
deep_indoor,True,27.55845457536588,-2.9575757575757446,1.5115729069764814
deep_indoor,True,18.147922659966675,-2.624242424242424,1.4862112011671695
basement_walk,True,38.196163193893334,-3.1696969696969695,0.8988802218672891
basement_walk,False,,-3.9757575757575507,
basement_ride,True,34.17217134421149,-2.1090909090909102,1.3722547607538773
basement_ride,True,26.381120946937457,-3.2181818181818076,1.3926861352949769
basement_walk,True,11.530467874380854,-2.7499999999999907,1.589343662919947
basement_ride,False,,-4.169696969696967,
basement_ride,True,17.456313070155012,-0.9696969696969728,0.813660680349565
basement_ride,True,7.880125266063395,-3.1071428571428554,4.742232727757203
basement_walk,True,24.65007361575595,-3.2,1.6468807393909777
deep_indoor,True,46.0360672390789,-2.200000000000002,0.9440714345698041
basement_walk,True,11.96898573412632,-3.5166666666666564,2.369365561203503
basement_ride,True,9.295124043875624,-2.2857142857142794,3.348453145804057
basement_ride,True,25.17793873022761,-2.5090909090908973,1.0649884743827713
deep_indoor,True,19.79792802940195,-1.8969696969696983,1.2160882271237419
deep_indoor,True,35.40328030968983,-1.8969696969697019,0.9290608909525326
basement_ride,True,24.100567049268726,-2.8121212121212062,1.4337636453841793
basement_walk,True,7.640770586260295,-2.3571428571428577,2.526894884177028
basement_ride,True,23.275433212293834,-3.7818181818181866,1.979041936899523
basement_walk,True,15.6075151208844,-2.678787878787879,1.8420319681123156
deep_indoor,True,4.315509181531752,-2.6785714285714186,3.694428775949013
basement_walk,False,,-2.66666666666667,
basement_ride,True,25.78303787743606,-3.672727272727273,1.6113739521706834
deep_indoor,False,,-1.4545454545454537,
basement_walk,True,29.586770295279877,-2.7393939393939317,1.4250126019117915
basement_ride,True,17.033025901509475,-2.999999999999995,1.923249808406736
basement_walk,True,21.070545772788996,-3.630303030303022,1.3833030773034478
basement_walk,True,16.26486359424956,-2.812121212121218,2.0181574042538455
deep_indoor,True,20.90451515832659,-2.266666666666672,1.533909255504143
basement_walk,True,22.86829969129156,-2.951515151515139,1.330636269231181
deep_indoor,False,,-1.9878787878787851,
basement_ride,True,21.464915648557486,-4.993939393939393,2.2309690543283365
basement_walk,True,17.94056257121145,-2.545454545454541,1.6124512688948107
basement_ride,True,13.705456320209365,-5.187878787878788,2.572324965330698
basement_ride,True,16.29256973332386,-3.1454545454545464,1.7177918943345791
basement_ride,True,17.34614740551436,-3.393939393939398,1.7363388493361394
basement_walk,True,7.282156351760364,-1.9523809523809592,3.040331512913264
basement_ride,False,,-4.266666666666666,
basement_walk,True,23.564639454255648,-2.2909090909090923,1.112104039855642
basement_ride,True,13.761703680359176,-4.55757575757575,2.9676674015907123
basement_ride,True,4.610609226641728,0.6785714285714322,6.666776910921289
deep_indoor,True,23.788169405085462,-2.66666666666667,1.345699987701476
basement_ride,True,39.5310666602111,-2.3757575757575733,0.647880452179918
basement_walk,True,32.86610898473934,-2.5454545454545374,1.0477524260697544
basement_ride,False,,-2.654545454545458,
basement_walk,True,19.44760777707031,-3.2000000000000015,1.5355259008535513
deep_indoor,True,7.5353326608074696,-2.630952380952386,2.8016628080888357
basement_ride,True,23.59842538873864,-3.2484848484848468,1.7859753335621942
basement_ride,True,16.577227784904686,-3.6424242424242506,1.8161400841590762
basement_walk,True,41.20575388798122,-1.5030303030303014,0.7565071951036124
deep_indoor,True,42.457022627632256,-1.5999999999999979,1.0084157889747534
basement_walk,True,4.344518272276986,-0.35714285714285343,4.124617154156532
deep_indoor,True,13.669914691093801,-2.6181818181818115,2.3399992175440363
basement_ride,False,,-2.8363636363636355,
basement_walk,True,28.51260221864669,-1.9090909090909096,0.9931301514818281
basement_ride,True,32.42833730304943,-2.4727272727272696,1.01541960101616
deep_indoor,True,4.945995695679144,-2.357142857142846,2.098895753047199
basement_walk,True,21.513839106106687,-3.024242424242421,1.6320385577428993
basement_walk,True,26.984930697451084,-3.0363636363636326,1.169701360959843
deep_indoor,True,13.68897817352179,-2.0666666666666598,1.6473376863755498
basement_walk,True,19.01367732772121,-3.248484848484841,1.700248679353005
deep_indoor,False,,-1.696969696969697,
basement_ride,True,5.910429183979012,-3.214285714285709,3.1401994985974158
basement_ride,True,10.638938181501167,-3.2484848484848463,2.2811536514744017
basement_ride,True,6.489718170286352,-1.071428571428573,2.6679253932111497
basement_walk,True,21.727415631111214,-1.8242424242424202,1.080270655096406
basement_walk,True,17.89494754498061,-2.4727272727272647,1.1753738220875507
basement_walk,True,34.26227784728065,-2.715151515151513,1.0181546002265616
basement_walk,True,9.9647526677537,-4.095238095238104,3.421108251165075
basement_walk,False,,-3.6424242424242355,
deep_indoor,True,53.50024539149307,-4.024242424242408,0.8776020354994043
basement_ride,True,18.15130736625683,-3.0,2.243690177142899
basement_ride,True,31.736573423048824,-2.048484848484842,1.3202413832201818
basement_walk,True,25.7241863539183,-3.5393939393939315,1.5689614073788951
basement_ride,True,7.6762307657538855,-2.2142857142857197,3.30177269277379
basement_walk,True,36.477675461153495,-3.8181818181818126,1.017322443290732
basement_ride,True,7.20565248761379,-3.4285714285714124,3.9623657013732934
basement_ride,True,9.670196256569817,-3.878787878787874,2.653587727257128
deep_indoor,True,37.331326453866,-2.5515151515151433,0.7361298961167746
basement_ride,True,7.548653023669271,-2.9642857142857166,3.519198481039905
deep_indoor,True,27.91935762646554,-2.4060606060606013,0.9450447122051155
basement_ride,True,18.6387439493288,-3.1090909090909062,2.2180237757372057
basement_ride,True,12.024799202506081,-4.266666666666667,2.972846370903002
deep_indoor,True,14.729806299762018,-2.464285714285696,1.71142830034274
deep_indoor,True,28.188001640385338,-2.6181818181818133,1.074213569185242
basement_ride,True,5.255510735257218,-4.750000000000026,5.599515867231617
basement_ride,True,10.036197715556327,-4.3030303030303125,3.3485079048860795
basement_ride,True,15.382298671475823,-3.1785714285714266,2.529765615782987
deep_indoor,True,20.102273225294724,-2.2787878787878753,1.2755629253736567
basement_walk,True,8.733538568784226,-4.285714285714261,2.691691523015757
deep_indoor,False,,-1.8909090909090867,
basement_ride,True,30.022147575631756,-2.9333333333333282,1.2585264255998219
basement_walk,True,32.0385574829975,-2.5696969696969614,0.9178963844495749
deep_indoor,False,,-1.8000000000000063,
basement_ride,False,,-3.103030303030297,
basement_ride,True,8.441219621275593,-3.1071428571428323,2.868444084194865
basement_walk,True,34.99183288307682,-2.866666666666663,1.065082707836813
deep_indoor,True,24.369966911394314,-2.6060606060606046,1.402365919385834
basement_walk,True,14.272731802509142,-4.236363636363642,2.5100411033929717
basement_walk,True,26.867918228318487,-3.0545454545454427,1.308750132441449
deep_indoor,False,,-2.569696969696954,
deep_indoor,True,32.90924136405257,-1.8363636363636318,1.0084213423264679
deep_indoor,True,40.65468268181853,-2.193939393939393,0.9927260034352452
basement_walk,True,15.272871977793201,-3.0363636363636375,2.185738614366846
basement_walk,True,22.315986520785046,-2.2727272727272685,1.240166688541259
basement_walk,False,,-2.2303030303030353,
basement_ride,True,6.300875224794709,-4.321428571428566,4.651632054718928
basement_walk,True,44.367267462306245,-2.8121212121212014,0.8630060207893041
deep_indoor,True,24.709790406141735,-2.3636363636363615,1.2059473408002341
basement_ride,True,24.357950071101612,-2.94545454545455,1.6102970450244225
basement_ride,True,39.7264845241731,-2.763636363636349,1.0258745997925438
basement_ride,True,23.251352340740823,-3.1272727272727256,1.818949785066147
basement_walk,True,10.542105328789113,-3.499999999999997,3.265784854951855
basement_ride,True,3.966758998684739,-0.5357142857142932,6.936631256884938
basement_ride,True,31.646820859750243,-3.5757575757575797,1.3252031134670954
basement_ride,True,23.905073648834914,-4.084848484848475,1.4124363032333538
basement_walk,False,,-2.181818181818185,
basement_walk,True,18.605854068428457,-1.9151515151515128,1.278454499597394
basement_ride,True,9.090427174918936,-4.55952380952379,3.978869885155396
basement_walk,False,,-2.0727272727272683,
deep_indoor,True,5.7168609424063845,-2.3214285714285747,3.618583963012994
basement_ride,True,29.104299001151034,-1.89090909090909,1.034236262525082
deep_indoor,True,25.048253606432255,-3.636363636363639,1.58592046354608
basement_ride,True,10.798384368829794,-4.333333333333337,2.976995130295024
deep_indoor,True,24.653918922144513,-2.7575757575757587,1.29754886089338
basement_ride,True,14.603838354388813,-4.260606060606052,2.8113040704010044
basement_walk,False,,-2.7818181818181897,
basement_ride,True,13.982569339900316,-3.2909090909090883,2.459806340075621
basement_walk,False,,-2.4666666666666615,
basement_ride,True,11.919555139915332,-4.4606060606060485,2.7369430917756943
basement_walk,True,15.528071799978669,-2.7030303030303036,2.1351683721757824
basement_walk,False,,-2.1030303030303057,
basement_ride,True,22.9866833061571,-3.1515151515151545,1.3868911964320259
basement_ride,True,11.80872955520968,-3.6848484848484824,2.4684772897463754
basement_ride,True,16.204683988643495,-2.8727272727272672,2.2239086492712645
basement_walk,True,13.096439111181624,-2.327272727272719,2.0311661216299703
basement_walk,True,43.01962965583426,-1.7818181818181782,0.7522208368307081
deep_indoor,True,21.40827134027699,-2.230303030303031,1.3619939233868206
basement_ride,True,16.440357258308154,-2.6666666666666585,1.7699233543187802
basement_walk,True,18.38380858385971,-2.2666666666666653,1.4034841113794663
basement_ride,True,13.01905868750984,-2.690909090909092,2.1572623666419277
deep_indoor,False,,-2.2787878787878855,
basement_walk,True,18.87078951598302,-2.6484848484848516,1.4188433925082038
basement_walk,False,,-2.1939393939393956,
basement_ride,True,7.388042490531873,-2.3571428571428603,4.798034060422952
deep_indoor,True,27.46749193962956,-1.781818181818179,0.9961455269419732
basement_walk,False,,-1.7272727272727282,
deep_indoor,False,,-3.0181818181818114,
basement_ride,False,,-3.569696969696969,
deep_indoor,True,19.80321049480125,-4.169696969696962,1.8320805301357463
basement_walk,True,7.882954712192451,-1.8571428571428565,2.4142514912273763
deep_indoor,True,22.826923364050344,-2.812121212121214,1.449276840784785
deep_indoor,True,41.950260859104226,-1.9696969696969746,0.7935803941426643
basement_walk,True,28.63084408284446,-4.036363636363629,1.277022963973294
basement_walk,True,19.28681456845083,-2.436363636363634,1.868389722039383
deep_indoor,True,29.866313260660583,-3.0060606060605974,1.0204434226956378
basement_walk,False,,-2.151515151515151,
basement_walk,True,6.5565498984992345,-3.1071428571428594,2.955173818809237
basement_ride,True,16.238564951834086,-3.399999999999982,1.8500213271490684
deep_indoor,True,26.868727988055312,-4.024242424242419,1.5561996110969305
deep_indoor,False,,-1.3575757575757579,
basement_walk,True,7.631504683194507,-2.4285714285714373,3.464970112139227
deep_indoor,True,24.08390309648577,-1.945454545454542,0.7949788675968587
deep_indoor,False,,-2.0484848484848506,
basement_walk,True,20.361994859266233,-3.369696969696963,1.977141584345218
basement_walk,True,16.141058900027396,-3.0121212121212144,1.4307145603315023
deep_indoor,False,,-2.7636363636363668,
basement_ride,True,4.753526533296409,-1.6785714285714295,4.606840689208004
basement_walk,True,14.758942074975302,-2.285714285714276,2.028902857953186
basement_ride,True,15.587115486435565,-1.642857142857145,1.821518342524833
deep_indoor,True,52.57464422887843,-2.2909090909090866,0.6619334082624645
basement_ride,True,51.6704541867705,-2.7818181818181835,0.7786937853068959
deep_indoor,True,19.785495014093378,-1.7142857142857184,1.173184458508011
basement_walk,True,16.896199140578737,-1.950000000000002,1.6352309537666674
deep_indoor,True,33.25470493064433,-3.1090909090909147,1.0344340945180217
basement_ride,True,7.493054736643607,-3.214285714285721,4.211157182409377
basement_ride,True,19.016335759633833,-3.018181818181815,1.4433628141490022
deep_indoor,True,27.94968105333885,-2.4727272727272767,1.2351979820484764
basement_ride,True,6.538993430119589,-5.214285714285715,5.570660706921836
basement_walk,False,,-4.109090909090901,
basement_ride,True,16.994138086849745,-4.024242424242416,2.058135801123733
basement_ride,False,,-4.945454545454533,
deep_indoor,True,23.83286574983486,-1.9166666666666632,1.3847747627350813
basement_walk,False,,-3.363636363636363,
deep_indoor,True,32.412960481741294,-2.854545454545453,0.9536571683802142
deep_indoor,True,39.84965182813049,-2.1333333333333298,0.9579713033546092
basement_ride,True,2.8160665989893303,0.3214285714285678,7.791492820302031
deep_indoor,True,43.01290558633529,-2.375757575757578,0.8294613276999753
deep_indoor,True,24.924290026505517,-2.3454545454545506,0.8414462586866917
basement_walk,False,,-3.690909090909082,
basement_ride,True,22.720239245637757,-3.5999999999999956,1.6721931087795918
basement_walk,True,5.063560332822576,-2.8571428571428505,4.902413865241996
deep_indoor,True,19.363664329179542,-3.0848484848484867,1.6172538410104156
basement_ride,True,16.209435522062023,-4.654545454545452,2.2927044060093666
basement_walk,True,24.675184899732763,-3.121212121212122,1.233880340889197
basement_walk,True,12.809675755249643,-3.5833333333333193,2.5394750384484635
deep_indoor,True,30.157245101529497,-1.8909090909090873,0.7505292760838664
deep_indoor,True,30.836400524575808,-1.9454545454545527,1.1526932474173783
basement_walk,False,,-1.5999999999999939,
basement_walk,True,31.01983916853517,-1.9393939393939437,0.870712178242438
basement_walk,True,9.127116088400754,-3.1071428571428523,2.982871989718066
basement_ride,True,5.65187197011582,-3.5714285714285667,5.795322891358904
deep_indoor,False,,-3.727272727272728,
deep_indoor,True,10.087517688799068,-2.715151515151516,1.9108589745027267
basement_ride,True,9.792620872802537,-4.821428571428574,2.7350095050681453
deep_indoor,True,39.90898594988503,-2.61818181818182,0.7460265806928499
basement_ride,True,7.783951756955425,-3.9999999999999543,4.921673910546085
basement_ride,False,,-2.218181818181812,
basement_walk,False,,-3.103030303030296,
deep_indoor,False,,-3.393939393939396,
basement_ride,True,5.981236611450093,-1.428571428571425,2.866136891284894
deep_indoor,True,31.762440927241748,-1.9090909090909034,0.9528448697331918
basement_ride,False,,-2.9090909090909016,
basement_walk,True,14.293681628556072,-3.460606060606049,2.2843852791137853
basement_walk,True,10.741035313855775,-2.952380952380945,2.5885785637757666
basement_ride,True,12.868326462465795,-3.0060606060606037,2.9598622191597377
basement_ride,True,9.105352942103394,-5.650000000000019,4.740576188333391
basement_ride,False,,-3.4909090909090854,
basement_ride,True,26.714305522037037,-2.145454545454542,1.0579708547827984
basement_ride,False,,-2.3757575757575666,
basement_ride,True,21.008521596212525,-2.5212121212121157,1.385030821772414
basement_ride,True,15.939909490349343,-2.424242424242426,1.500944454074928
basement_walk,True,17.576429024963268,-2.181818181818181,1.2636653865692478
deep_indoor,True,25.760405044032925,-1.8727272727272728,0.9533109061692258
basement_walk,True,19.82069681827361,-4.55757575757576,1.7254997047498615
basement_walk,True,20.328866621992972,-3.9757575757575787,1.914015475939917
deep_indoor,True,11.692119705138467,-1.7454545454545456,1.611840611108281
deep_indoor,False,,-2.266666666666668,
basement_ride,True,8.745355694415537,-4.071428571428558,3.364802060023299
basement_ride,True,6.2277057916546426,-1.1785714285714164,2.568085904750309
basement_walk,True,7.049332574809547,-3.9285714285714253,3.7895980749793425
basement_walk,True,47.00808627746714,-2.6181818181818106,0.9198944196848196
basement_walk,False,,-1.9454545454545495,
basement_ride,True,14.257727023071538,-4.5454545454545485,2.6227170515157843
basement_ride,True,12.020510239838899,-4.951515151515143,3.061450608382363
basement_walk,True,21.894304997683506,-2.2424242424242333,1.5217767090662737
deep_indoor,True,18.962685763058964,-1.9939393939393966,1.4375122167396073
deep_indoor,True,42.673191773219045,-1.939393939393933,0.9233928550669225
basement_ride,True,7.047619822330091,-3.392857142857107,4.169460839150779
basement_ride,True,19.136834544640628,-2.1818181818181817,2.1778215782006893
basement_walk,True,35.787780968835825,-2.4848484848484835,1.1301089771839288
basement_ride,True,26.47330266371611,-3.3272727272727263,1.0879361897254016
basement_walk,True,20.463166167635258,-2.6363636363636394,1.3208170559900148
basement_ride,True,4.69862898185432,-0.6785714285714309,4.008059639767527
deep_indoor,True,38.646792379016674,-2.8606060606060715,1.01361354390685
deep_indoor,False,,-2.715151515151518,
basement_ride,True,11.632751677595948,-4.464285714285698,2.543261854902541
basement_ride,True,5.104718117795294,-3.99999999999999,3.4734402298487184
basement_walk,True,17.02007966088648,-3.0969696969696847,1.8256827315167574
basement_ride,False,,-4.1030303030303035,
basement_walk,True,10.414788475365832,-2.8928571428571197,2.3331440656214535
basement_walk,True,16.898368674021405,-2.7696969696969647,1.4703613855543542
basement_ride,True,6.086849175774674,-3.2500000000000027,2.91750271677322
basement_walk,True,24.212020702076224,-2.5999999999999996,1.3576751014973658
basement_ride,True,16.939728510299403,-3.4303030303030186,1.9632018492920766
basement_ride,True,12.490721869689196,-3.7696969696969598,2.3748027002281518
deep_indoor,True,21.269172560880335,-2.278787878787885,1.2048460826774001
basement_ride,True,4.934106064716929,-2.5714285714285907,5.9059265070561695
basement_walk,True,14.47095658910392,-3.571428571428573,1.4830422959842249
basement_walk,True,17.459954740101722,-2.5999999999999943,1.6630234608414334
basement_walk,True,15.495911557721634,-2.066666666666667,1.720021767526287
deep_indoor,True,35.77896376379528,-2.242424242424244,1.1766966792256344
deep_indoor,True,20.409702593426758,-2.072727272727281,1.1581793981751674
basement_ride,False,,-3.387878787878797,
basement_walk,True,29.65274912040266,-3.218181818181816,1.1533633955458893
basement_ride,True,12.618881319562085,-3.3928571428571455,2.322560274235142
basement_ride,False,,-1.5515151515151486,
basement_ride,True,25.87315912161384,-2.5636363636363613,1.0695717372673965
basement_ride,True,5.3268523709107,-3.0714285714285503,3.494247490338304
deep_indoor,True,27.279920819020617,-3.8303030303030354,1.1432255813813332
basement_walk,True,17.000261167462703,-3.1090909090909107,1.7588785997103655
basement_ride,True,4.928972061280135,-1.107142857142858,4.382675885845595
basement_walk,True,16.818523381009577,-1.9999999999999987,1.472732021663663
deep_indoor,False,,-1.9818181818181801,
deep_indoor,True,34.139402375024716,-2.2363636363636408,1.047906277163239
basement_ride,True,8.359843349003306,-4.035714285714281,3.7741608167406175
basement_ride,True,9.881254566894697,-3.1166666666666627,2.435546427929471
basement_walk,True,13.041249587596376,-3.3214285714285694,1.7417767591882853
basement_ride,True,24.577804961291143,-2.5333333333333226,1.1035035918696376
basement_ride,False,,-2.399999999999997,
basement_ride,True,19.37361566025446,-3.1090909090909027,1.8528988403863298
basement_walk,False,,-1.9285714285714248,
basement_ride,True,38.446758235121756,-3.4363636363636334,0.9323644766333408
basement_ride,True,41.08054571677102,-3.1515151515151554,0.9426475133971041
basement_walk,True,17.35455125549467,-2.6424242424242452,1.562768272323229
basement_ride,True,22.283633836393918,-2.3757575757575697,2.0427423637165107
basement_ride,True,12.224069492045892,-4.424242424242423,2.9353265978369616
basement_ride,True,9.687722302881852,-2.0714285714285428,2.478616751826025
deep_indoor,True,22.205874906396836,-2.5272727272727242,1.3886123829559565
basement_ride,True,15.9137346570892,-2.660606060606056,1.8703522560083496
basement_ride,True,7.280841054157236,-4.142857142857135,3.546603285022271
basement_walk,True,7.225656653670171,-2.321428571428532,3.2510451483426746
basement_ride,True,13.573588472267133,-2.406060606060613,1.3639057250003435
deep_indoor,False,,-1.666666666666671,
basement_ride,True,7.445303889572031,-2.357142857142855,3.3924432795329817
deep_indoor,True,25.792271145016343,-2.0363636363636335,0.8269543256826598
basement_ride,True,19.223832566236872,-3.054545454545449,1.4019344965953051
basement_ride,True,19.81561092152708,-3.078787878787873,2.0887509448088752
basement_ride,True,10.751850236256026,-3.107142857142855,2.618943423315029
basement_walk,False,,-2.5212121212121246,
basement_ride,True,16.856617083991154,-3.733333333333337,2.0128546638507046
basement_ride,True,30.516765062056727,-3.9878787878787927,1.5300835353161342
basement_ride,True,11.514611779240923,-3.3212121212121013,2.798869997401676
basement_walk,True,13.97236381806227,-3.035714285714277,2.029417892068543
basement_ride,True,20.052793983857825,-3.993939393939399,1.8733909915299207
deep_indoor,True,37.06883870591713,-3.0545454545454565,1.0238250404571398
basement_ride,True,32.321926642994136,-2.4848484848484804,1.1467944367208405
basement_ride,True,13.191711577363492,-3.523809523809514,2.231609754001151
deep_indoor,True,31.91322623882003,-2.8121212121212147,0.9363416137794693
basement_walk,True,16.739765203232324,-2.3878787878787926,1.74169945083697
basement_walk,True,14.889228985193938,-2.678571428571423,2.194045401167482
basement_walk,True,20.77689158644226,-2.745454545454543,1.7917589805346306
basement_walk,True,23.241068528906126,-2.6181818181818146,1.2981703577122516
basement_ride,True,11.315178186382553,-5.214285714285747,2.3640739426414616
basement_ride,True,26.168474064544704,-3.89090909090909,1.4697529164279461
basement_ride,True,4.951205743997477,-3.2142857142857246,6.508833892940931
deep_indoor,False,,-1.9878787878787814,
basement_walk,True,22.37396475509297,-4.193939393939371,1.5440243171752703
basement_walk,True,16.06377676613988,-2.7857142857142727,1.553256597396252
basement_ride,False,,-3.436363636363624,
deep_indoor,True,23.677468281866012,-2.1030303030303066,1.3388383157291457
basement_ride,True,11.602295015121186,-1.7393939393939388,2.3966630448938417
basement_walk,True,38.343341790229815,-2.3212121212121066,1.1373598858728795
basement_ride,False,,-2.8969696969697005,
basement_walk,True,10.983231979862268,-2.4642857142857246,2.101404363550057
deep_indoor,True,25.195634220191486,-1.7212121212121183,1.1639848360685923
deep_indoor,True,23.271886189397833,-3.7333333333333263,1.6168196882539085
deep_indoor,True,44.804384331264025,-2.254545454545458,0.5341924619808421
deep_indoor,False,,-3.0363636363636424,
basement_walk,True,34.87847938677463,-2.2787878787878793,1.0162054759293664
deep_indoor,True,38.7857987341301,-1.9696969696969628,0.8951974043594222
deep_indoor,True,26.823417357408097,-2.0000000000000027,0.7231549625832812
basement_ride,True,26.63118047119974,-2.7515151515151564,1.3727173032823823
basement_walk,False,,-2.8787878787878842,
basement_walk,False,,-2.284848484848477,
basement_ride,False,,-2.503030303030303,
basement_walk,True,15.123184584255782,-2.4642857142856966,1.991214496734052
basement_ride,True,30.558822911165294,-4.509090909090909,1.7063137930693477
deep_indoor,False,,-2.5636363636363684,
basement_ride,True,12.708736508323597,-4.115151515151501,2.7619478564602686
basement_ride,True,16.651973307479103,-3.34545454545454,1.819849381171262
deep_indoor,True,42.94407908041696,-1.969696969696967,0.9418121655917921
basement_walk,False,,-3.1575757575757626,
basement_ride,True,18.704280413443925,-3.078787878787868,2.1640165231246313
basement_ride,True,9.85494073475894,-5.821428571428556,2.688554680815753
deep_indoor,True,49.187709569139116,-3.4424242424242433,0.8851187802530353
basement_ride,True,8.324713306377326,-4.218181818181818,3.517651111968168
basement_ride,True,7.143845341033163,-1.3928571428571441,3.3266033298080315
deep_indoor,True,42.61909967664346,-1.9285714285714257,1.0785110446640407
basement_ride,True,20.23582559127069,-2.581818181818178,1.4448164620434225
deep_indoor,True,55.045089848612164,-1.581818181818175,0.6250252715190643
basement_walk,True,24.2320891204499,-3.1030303030302964,1.6680475857682038
basement_ride,True,8.035803628137444,-3.85714285714284,3.7627757570161804
basement_ride,True,28.029845728053857,-2.2424242424242466,0.8121001231084484
basement_ride,True,3.88044824165263,-1.3571428571428572,6.900739534231138
deep_indoor,True,9.675069161653909,-4.339393939393922,2.818765018793358
basement_ride,True,30.62419385651377,-3.4363636363636343,1.1175058465554317
basement_ride,True,14.81210829539286,-2.3757575757575773,1.6119848459404553
basement_walk,True,28.14233470139518,-2.133333333333326,1.2202701383874253
basement_ride,True,10.599144010767816,-5.785714285714299,2.6699157719372124
deep_indoor,True,47.606334291989384,-2.2303030303030296,0.9025524264039497
basement_walk,True,29.6794271523503,-2.8909090909090844,1.1426106301828864
basement_walk,True,42.51661194376834,-2.8121212121212076,1.0598210743664027
basement_ride,True,4.542106132584337,-1.7857142857142743,4.84345822995811
deep_indoor,True,67.21880512952688,-1.8424242424242414,0.44282961724989184
deep_indoor,True,27.861902448610415,-1.9454545454545462,1.0253978386983187
deep_indoor,True,9.92597005301213,-2.5212121212121086,2.3243517569443455
basement_ride,True,10.774763240360855,-1.7857142857142765,1.9876719114047257
basement_ride,True,4.708804886547213,-0.7454545454545453,5.615440170754194
basement_ride,True,36.79879728822835,-3.9757575757575814,1.1496863437196998
deep_indoor,True,45.162250586205644,-2.6727272727272657,0.7762978621812698
basement_ride,True,10.711867556412159,-4.285714285714276,2.8482190539812513
basement_walk,False,,-2.9575757575757553,
basement_ride,True,10.157686425636776,-1.6428571428571384,2.2512268537482254
deep_indoor,True,6.3802206579132985,-3.178571428571409,2.7510262648999744
deep_indoor,True,24.46402706238007,-1.757575757575758,1.3324013950984706
basement_ride,True,12.434881112939053,-2.966666666666664,2.437507441841714
basement_walk,True,37.358049044177854,-2.957575757575755,1.1044435076675112
basement_walk,False,,-3.781818181818169,
basement_walk,True,29.286684514268856,-1.7515151515151521,1.1743886975196811
basement_ride,True,17.057174509267142,-3.9454545454545435,2.448690271642714
basement_ride,True,6.449511332292502,-4.10714285714284,3.725318222434495
basement_ride,True,5.454857556126115,-1.0714285714285796,4.8017406658817015
deep_indoor,False,,-1.6969696969696946,
basement_walk,True,23.80484410556471,-3.0909090909090846,1.716599368060838
basement_ride,True,11.684460807274064,-3.2545454545454606,3.173891246858301
basement_walk,True,15.887495763071897,-2.4242424242424274,1.819003898766535
deep_indoor,True,35.45951157698803,-1.4999999999999996,0.9988857837729278
deep_indoor,True,62.19293310031756,-1.9878787878787914,0.7238509709147516
deep_indoor,False,,-1.9454545454545398,
deep_indoor,False,,-2.424242424242418,
basement_ride,True,33.86946610271552,-4.654545454545445,1.2812921030277868
basement_ride,True,19.09085251873813,-3.8,1.6511550343104338
basement_walk,True,30.646608456688384,-3.3272727272727187,1.2634370387866358
basement_ride,True,10.090423098595792,-2.3272727272727307,2.4254106845962733
basement_ride,True,31.651192063130217,-3.3454545454545395,1.3780328831394084
basement_ride,True,9.025094777440358,-4.035714285714271,2.8056557763878858
deep_indoor,False,,-2.5272727272727256,
basement_walk,True,19.44458379760586,-4.018181818181811,2.106157545654641
basement_ride,False,,-2.363636363636357,
basement_walk,True,12.40831379453644,-2.738095238095231,1.9622359045369822
basement_walk,True,9.714007967426653,-1.7142857142857135,2.714106232111198
deep_indoor,True,47.03464314149983,-2.600000000000001,0.6612237067673747
basement_ride,True,12.2884384188714,-3.321428571428567,2.0121883989254825
deep_indoor,True,16.80061207951345,-2.8606060606060644,1.4304533204151022
basement_ride,True,17.312383892718067,-2.5696969696969645,1.4141961380111698
deep_indoor,True,22.984992820908317,-2.4909090909090907,1.2478013477023695
deep_indoor,True,31.82163215828602,-2.2787878787878757,0.9535514974888252
basement_ride,True,14.647546914712294,-3.654545454545456,2.2509925269756157
deep_indoor,True,26.617443566396418,-2.6424242424242324,1.2160298524759063
basement_ride,False,,-2.957575757575746,
basement_ride,False,,-2.0363636363636424,
basement_ride,True,27.63497445609174,-2.5696969696969747,1.296589435426147
basement_walk,True,13.633059413253427,-2.3571428571428483,2.2095614892880446
basement_ride,True,12.63707410635898,-3.442424242424234,2.6855626837281856
basement_walk,True,28.87922560595095,-2.557575757575753,1.0218854327389013
basement_walk,True,24.285670322108963,-3.1030303030303026,1.6935080817386154
basement_ride,True,8.002976614075635,-4.571428571428547,4.2949915251814526
deep_indoor,True,28.128556996667072,-1.21212121212121,0.67584011250397
basement_walk,True,19.53414179253427,-2.5636363636363617,1.1961203101430997
basement_ride,True,31.83882062518947,-1.9878787878787942,0.976490295194618
deep_indoor,True,40.58688865563299,-2.1333333333333324,0.7416501719174701
basement_ride,True,24.325182852217658,-1.9393939393939394,1.537508402413526
basement_ride,True,30.64955198352017,-4.024242424242416,1.5061146718921654
basement_ride,True,32.541837391405664,-2.3151515151515127,0.8506574493099065
basement_ride,True,35.882295752451775,-5.127272727272739,1.1420933716414752
deep_indoor,False,,-2.7636363636363637,
basement_ride,True,28.825829428174572,-3.963636363636354,1.4470429465694583
basement_ride,False,,-3.636363636363634,
