t_s,rsrp,rsrq,nbr_rsrp
0,,,
1,-90,-12,
2,-90,-12,
3,-87,-13,-88
4,-87,-13,-88
5,-88,-12,-92
6,-88,-12,-92
7,-87,-11,
8,-87,-11,
9,-87,-14,
10,-87,-14,
11,-90,-14,
12,-90,-14,
13,-89,-11,
14,-89,-11,
15,-88,-11,-94
16,-88,-11,-94
17,-85,-13,-91
18,-85,-13,-91
19,-86,-11,-93
20,-86,-11,-93
21,-93,-11,-98
22,-93,-11,-98
23,-90,-11,
24,-90,-11,
25,-92,-12,
26,-92,-12,
27,-90,-11,
28,-90,-11,
29,-90,-13,
30,-90,-13,
31,-94,-15,
32,-94,-15,
33,-84,-15,-85
34,-84,-15,-85
35,-93,-13,-86
36,-93,-13,-86
37,-90,-13,-91
38,-90,-13,-91
39,-87,-11,-99
40,-87,-11,-99
41,-91,-12,-94
42,-91,-12,-94
43,-92,-12,
44,-92,-12,
45,-94,-12,
46,-94,-12,
47,-91,-12,
48,-91,-12,
49,-93,-13,-95
50,-93,-13,-95
51,-92,-12,-94
52,-92,-12,-94
53,-89,-11,-98
54,-89,-11,-98
55,-88,-11,
56,-88,-11,
57,-92,-11,
58,-92,-11,
59,-96,-10,
60,-96,-10,
61,-112,-14,
62,-112,-14,
63,-114,-12,
64,-114,-12,
65,-115,-11,
66,-115,-11,
67,-118,-11,-125
68,-118,-11,-125
69,-116,-13,
70,-116,-13,
71,-118,-12,
72,-118,-12,
73,-120,-11,
74,-120,-11,
75,-121,-12,
76,-121,-12,
77,-128,-16,
78,-128,-16,
79,,,
80,,,
81,,,
82,,,
83,,,
84,,,
85,,,
86,,,
87,,,
88,,,
89,,,
90,,,
91,,,
92,,,
93,,,
94,,,
95,,,
96,,,
97,,,
98,,,
99,,,
100,,,
101,,,
102,,,
103,,,
104,,,
105,,,
106,,,
107,,,
108,,,
109,,,
110,,,
111,,,
112,,,
113,,,
114,,,
115,,,
116,,,
117,,,
118,,,
119,,,
120,,,
121,,,
122,,,
123,,,
124,,,
125,,,
126,,,
127,,,
128,,,
129,,,
