tau,persistence,sim_recall10,sim_recall15,sim_specificity,sim_accuracy,sim_median_lead,real_fa_per_h,real_recall10
0.5,1,0.7922636103151862,0.6948424068767909,0.0,0.36866666666666664,26.450000000000003,50.27431421446384,0.9583333333333334
0.5,2,0.7851002865329513,0.6876790830945558,0.003740648379052369,0.36733333333333335,27.900000000000002,44.16957605985038,0.7916666666666666
0.5,3,0.7922636103151862,0.7091690544412608,0.006234413965087282,0.372,28.900000000000006,40.69825436408978,0.875
0.6,1,0.826647564469914,0.7134670487106017,0.048628428927680795,0.4106666666666667,25.700000000000003,26.693266832917708,0.75
0.6,2,0.7406876790830945,0.6074498567335244,0.12094763092269327,0.4093333333333333,20.800000000000004,19.51122194513716,0.75
0.6,3,0.6489971346704871,0.5200573065902578,0.20947630922693267,0.414,16.200000000000003,16.93765586034913,0.5833333333333334
0.7,1,0.5573065902578797,0.4054441260744986,0.470074812967581,0.5106666666666667,12.900000000000006,8.01995012468828,0.625
0.7,2,0.4899713467048711,0.32951289398280803,0.6059850374064838,0.552,11.200000000000003,5.386533665835412,0.4583333333333333
0.7,3,0.4369627507163324,0.29369627507163326,0.683291770573566,0.5686666666666667,10.550000000000004,3.950124688279302,0.375
0.8,1,0.3237822349570201,0.20487106017191978,0.8491271820448878,0.6046666666666667,8.950000000000003,1.4364089775561097,0.0
0.8,2,0.23638968481375358,0.14613180515759314,0.8927680798004988,0.5873333333333334,8.300000000000011,0.8977556109725686,0.041666666666666664
0.8,3,0.17191977077363896,0.10458452722063037,0.9251870324189526,0.5746666666666667,7.700000000000003,0.658354114713217,0.041666666666666664
0.85,1,0.1361031518624642,0.06876790830945559,0.9451371571072319,0.5686666666666667,7.150000000000006,0.35910224438902744,0.0
0.85,2,0.08452722063037249,0.04154727793696275,0.9613466334164589,0.5533333333333333,7.150000000000006,0.11970074812967582,0.0
0.85,3,0.05730659025787966,0.025787965616045846,0.9738154613466334,0.5473333333333333,6.6000000000000085,0.05985037406483791,0.0
0.9,1,0.017191977077363897,0.008595988538681949,0.986284289276808,0.5353333333333333,4.750000000000007,0.0,0.0
0.9,2,0.01002865329512894,0.0071633237822349575,0.9925187032418953,0.5353333333333333,5.200000000000003,0.0,0.0
0.9,3,0.0057306590257879654,0.004297994269340974,0.9950124688279302,0.5346666666666666,6.600000000000001,0.0,0.0
0.93,1,0.0028653295128939827,0.0014326647564469914,1.0,0.536,6.650000000000006,0.0,0.0
0.93,2,0.0,0.0,1.0,0.5346666666666666,3.200000000000003,0.0,0.0
0.93,3,0.0,0.0,1.0,0.5346666666666666,,0.0,0.0
0.95,1,0.0,0.0,1.0,0.5346666666666666,,0.0,0.0
0.95,2,0.0,0.0,1.0,0.5346666666666666,,0.0,0.0
0.95,3,0.0,0.0,1.0,0.5346666666666666,,0.0,0.0
0.97,1,0.0,0.0,1.0,0.5346666666666666,,0.0,0.0
0.97,2,0.0,0.0,1.0,0.5346666666666666,,0.0,0.0
0.97,3,0.0,0.0,1.0,0.5346666666666666,,0.0,0.0
0.98,1,0.0,0.0,1.0,0.5346666666666666,,0.0,0.0
0.98,2,0.0,0.0,1.0,0.5346666666666666,,0.0,0.0
0.98,3,0.0,0.0,1.0,0.5346666666666666,,0.0,0.0
0.99,1,0.0,0.0,1.0,0.5346666666666666,,0.0,0.0
0.99,2,0.0,0.0,1.0,0.5346666666666666,,0.0,0.0
0.99,3,0.0,0.0,1.0,0.5346666666666666,,0.0,0.0
0.995,1,0.0,0.0,1.0,0.5346666666666666,,0.0,0.0
0.995,2,0.0,0.0,1.0,0.5346666666666666,,0.0,0.0
0.995,3,0.0,0.0,1.0,0.5346666666666666,,0.0,0.0
