setting,events,recall10,recall15,specificity,median_lead,physical_ceiling_10s
baseline,365,0.4383561643835616,0.2547945205479452,0.7586206896551724,10.0,0.8027397260273973
report every 1 s,365,0.4794520547945205,0.30684931506849317,0.7310344827586207,10.400000000000006,0.8027397260273973
report every 2 s,365,0.4547945205479452,0.2465753424657534,0.7586206896551724,10.5,0.8027397260273973
report every 3 s,365,0.4,0.2191780821917808,0.7701149425287356,9.400000000000006,0.8027397260273973
report every 5 s,365,0.29315068493150687,0.14520547945205478,0.825287356321839,9.0,0.8027397260273973
shadowing sigma 4 dB,366,0.44808743169398907,0.24863387978142076,0.7350230414746544,10.200000000000003,0.8005464480874317
shadowing sigma 5 dB,377,0.4350132625994695,0.246684350132626,0.7078384798099763,10.200000000000003,0.7745358090185677
moving noise 2.8 dB,365,0.4273972602739726,0.2493150684931507,0.7655172413793103,9.850000000000005,0.8027397260273973
moving noise 4.2 dB,365,0.4438356164383562,0.2547945205479452,0.7425287356321839,10.0,0.8027397260273973
indoor cell difference 1 dB,365,0.42191780821917807,0.23835616438356164,0.7563218390804598,9.350000000000009,0.8027397260273973
indoor cell difference 4 dB,366,0.4453551912568306,0.27595628415300544,0.7580645161290323,10.0,0.8142076502732241
Qrxlevmin -120 dBm,409,0.2591687041564792,0.11246943765281174,0.8439897698209718,6.6000000000000085,0.706601466992665
Qrxlevmin -128 dBm,317,0.5867507886435331,0.42586750788643535,0.6832298136645962,13.0,0.8832807570977917
